Episode,Reward
0,-464.395035892725
1,-1071.1000418178737
2,507.40490742307156
3,-114.95505989156663
4,-12.32505592610687
5,1081.8048932310194
6,-279.7100673755631
7,587.1499298075214
8,-1032.3000401500612
9,-426.295053740032
10,543.6148896403611
11,713.1699149478227
12,436.7149234749377
13,110.8749293005094
14,564.7149101020768
15,2203.399804269895
16,2488.8997971965
17,912.9398857858032
18,-13.600075180642307
19,-487.9200365804136
20,2733.4447874519974
21,-1190.1000469438732
22,-1048.4000408453867
23,665.4549133218825
24,2007.1348151564598
25,869.9199026646093
26,683.1698961565271
27,2394.204850181006
28,747.0499179195613
29,-921.6900358209386
30,-148.71008110325783
31,1043.8399097397923
32,421.04988454375416
33,270.3549167411402
34,-240.14004565868527
35,120.00991049408913
36,1117.0248750494793
37,147.99991238396615
38,1197.424878405407
39,2307.579808748327
40,12.389925361610949
41,282.88487874995917
42,-537.7400584276766
43,154.29991272091866
44,301.49989950470626
45,359.459901496768
46,-356.50003218185157
47,131.25491163879633
48,2497.1898357896134
49,2276.3798452802002
50,494.3399062678218
51,2620.4948213892058
52,1787.3198443315923
53,8.669924823567271
54,2837.244810245
55,736.8149160481989
56,520.4448890034109
57,2146.6348210219294
58,555.7899292539805
59,1597.9298941139132
60,-800.4850305402651
61,-1.6100746234878898
62,1897.5098489560187
63,3145.2947853198275
64,-100.7000591494143
65,3702.5947698801756
66,4089.6897287024185
67,1539.0198913048953
68,1225.9598979093134
69,2125.819858573377
70,-318.5300121838227
71,1425.3448300221935
72,284.8399556633085
73,2879.74483127892
74,1577.1348561234772
75,445.01488565374166
76,-300.3650292372331
77,4572.464729348198
78,327.8849381841719
79,1947.5648328196257
80,2390.129811588675
81,741.2148790275678
82,1260.4298992222175
83,1975.6148711098358
84,1954.7248519761488
85,1692.1048987340182
86,802.5099012088031
87,4188.949732582085
88,1861.9248865311965
89,605.5949114197865
90,724.0449159750715
91,553.4599095685408
92,4082.679767532274
93,3802.7647360991687
94,-79.03504024352878
95,2467.6547955311835
96,2617.149821879342
97,4553.374727983028
98,906.8998667057604
99,4635.379732315429
100,4119.3997302362695
101,4211.894733667374
102,3772.3847541334108
103,-512.390057339333
104,4960.599723691121
105,4407.824742456898
106,-940.8350366773084
107,-282.45502864196897
108,1609.9998380923644
109,4912.374721807428
110,60.20998501125723
111,44.37996503058821
112,681.5299525260925
113,97.97496678866446
114,207.23497042246163
115,-81.38000296521932
116,4120.589730123989
117,864.8998844958842
118,4680.199733193032
119,672.5949330758303
120,4945.579723086208
121,-370.8400122448802
122,617.8549495609477
123,3881.1047586183995
124,4489.819745658897
125,2561.0798395313323
126,4234.829753924161
127,3197.679788353853
128,1210.1998600987718
129,63.64998635649681
130,907.4699437133968
131,4136.664730786346
132,932.1899067666382
133,-622.7100425986573
134,4938.629722913727
135,404.7649618042633
136,683.709953459911
137,488.4249636447057
138,1728.27489899192
139,547.829965733923
140,2119.854876568541
141,2990.299799311906
142,3698.594750892371
143,3947.779761888087
144,1502.6149087082595
145,1703.9698977731168
146,2117.474876272492
147,1704.4548977026716
148,447.99992506671697
149,3825.899756796658
150,4393.334741817787
151,826.754940988496
152,4376.084721215069
153,698.034953745082
154,3293.2848094003275
155,4321.189756615087
156,543.2399671096355
157,3437.3997989268973
158,1141.5349331526086
159,154.07498762849718
160,405.9999039815739
161,1564.2148358374834
162,4912.964721685275
163,1691.6898977067322
164,-181.88000415824354
165,471.8599628461525
166,873.3649411480874
167,-105.61500282492489
168,304.2599753178656
169,4923.99972246401
170,4943.199722927995
171,4652.029733186588
172,963.429944193922
173,1703.7998420940712
174,4469.594745092094
175,2539.4148554634303
176,-78.41500098444521
177,528.9749650536105
178,-39.71000074129552
179,-138.97500465717167
180,333.39497590158135
181,-52.89999968931079
182,645.6999533846974
183,373.03996087703854
184,4974.13972416427
185,4685.739734772593
186,2155.9598778327927
187,1165.1599334375933
188,705.0349530382082
189,4474.599745458923
190,4954.054723580368
191,1760.3199002947658
192,1386.4998676404357
193,3287.599792470224
194,4926.904723165557
195,312.044975515455
196,4964.874724157155
197,4947.8497242620215
198,2831.919811778702
199,4519.099747337401
200,761.0699538886547
201,76.4749844102189
202,4929.319723258726
203,4970.614723894745
204,4945.774723470211
205,4679.599734674208
206,1614.6998970452696
207,265.2249755235389
208,4407.989742329344
209,4820.099720299244
210,4803.724719545804
211,4458.729744601063
212,4660.284733263776
213,976.6999088581651
214,4065.844766368158
215,-376.8000123742968
216,4464.299745023251
217,-204.1500049866736
218,4683.144734104164
219,48.48998525738716
220,42.02498583495617
221,2888.4998341463506
222,3036.099820891395
223,1375.3999063493684
224,3081.8997833626345
225,125.64998710528016
226,-262.38000917155296
227,2859.199813284911
228,4473.164745202288
229,4688.369734910317
230,-114.86000286508352
231,564.3149658702314
232,2050.5998569792137
233,964.7249438809231
234,-141.91000393033028
235,769.0399551438168
236,4944.924724856392
237,956.5499437619001
238,-42.83000027295202
239,4959.574723851867
240,287.15997471660376
241,4477.099745571613
242,122.33498679380864
243,140.31998834386468
244,377.2049773670733
245,2884.399814219214
246,4028.2397649595514
247,879.6349415332079
248,956.6299442807212
249,4635.599732755683
250,502.76996390521526
251,4959.674723788165
252,553.3449656022713
253,285.38497422263026
254,3957.93976232782
255,4469.569742313586
256,4658.274733138271
257,873.8949407450855
258,4558.8147292509675
259,4395.099741361104
260,-26.275017238222063
261,478.814963420853
262,1180.9099336396903
263,2816.3848112644628
264,4648.3797326963395
265,4612.189731272869
266,4654.4847331075
267,566.4599664183334
268,374.15997740626335
269,2907.059832157567
270,4896.554721986875
271,1766.2099001612514
272,395.44495933689177
273,182.1299886945635
274,4902.324722737074
275,4667.129733810201
276,923.4999429592863
277,4956.824723931961
278,-206.9700068347156
279,360.709977096878
280,542.7749655721709
281,1111.7799311988056
282,1162.699933280237
283,4489.0997264850885
284,4940.939723039046
285,-21.85501836705953
286,772.5849545104429
287,3354.0997953359038
288,334.0199764762074
289,1044.2999117597938
290,4610.299731649458
291,355.82997709326446
292,4806.739719457924
293,4466.799745108001
294,138.66998730693012
295,3907.374760074541
296,4955.864723753184
297,3441.6347790146247
298,4636.939732383005
299,359.5049770725891
300,126.38998725637794
301,-183.41500500310212
302,1368.2399229053408
303,780.224955463782
304,4972.289724140428
305,3745.7047726428136
306,4672.394733714871
307,1945.8798883957788
308,4591.199730235152
309,1162.2499334122986
310,4981.6247245064005
311,520.9599642930552
312,4207.999753599055
313,4451.299744154327
314,122.42998649086803
315,2615.9998420393094
316,3680.5997897172347
317,-43.935001018457115
318,-39.02000091318041
319,512.3749640835449
320,2791.1998299499974
321,1362.60492212791
322,1326.5999042475596
323,1110.9249144261703
324,2241.89986516349
325,1158.3649331629276
326,1961.4548895163462
327,4911.074723606929
328,2557.6398567296565
329,1386.5748864915222
330,4509.974744969979
331,360.1399768553674
332,4950.484723336995
333,970.6399442534894
334,4706.464734593406
335,372.55497733317316
336,4715.584735873155
337,4464.744744712487
338,3440.1847983412445
339,565.2799660721794
340,963.1149443145841
341,4678.8997341915965
342,4089.9847677899525
343,1358.7649220665917
344,3390.2647963184863
345,1173.744933500886
346,177.9999884851277
347,1367.3349226731807
348,4938.344723138958
349,1372.564922255464
350,529.5299648549408
351,4713.719735655002
352,4504.619746535085
353,1573.2799111828208
354,2468.3098350828514
355,1852.2148864343762
356,3526.2797828186303
357,781.7399556562304
358,3543.129783526063
359,375.52997739892453
360,571.914966866374
361,571.3049661805853
362,4725.06973584462
363,4719.3047357862815
364,772.9799554590136
365,372.25497785769403
366,-125.10000426601619
367,1149.8249332318082
368,748.8199549401179
369,310.84997534845024
370,3194.499808099121
371,4711.999735995196
372,4323.134758235887
373,699.9849537005648
374,1751.484900484793
375,1367.4349234020337
376,1564.1749122990295
377,558.9449661551043
378,3245.429809938185
379,378.85497804079205
380,3888.864778808318
381,3474.2248001080006
382,1169.4049333427101
383,4724.119736136869
384,1771.9799009859562
385,1170.5899338312447
386,1971.3048895187676
387,2370.9048678483814
388,400.99996251333505
389,904.4349423674867
390,1776.2549008699134
391,560.6999661037698
392,382.3699780618772
393,4471.599745296873
394,935.8299450352788
395,588.0649488763884
396,2869.154833195731
397,4702.22473530937
398,1339.3949230238795
399,4053.914766269736
400,3663.3497887151316
401,4129.009768445976
402,1169.254933455959
403,761.7749557150528
404,4280.39975667838
405,4518.869746899232
406,534.4799653412774
407,4531.534747309983
408,4726.369736203924
409,2843.3898306936026
410,4503.654746209271
411,3845.1497770771384
412,4336.259758937173
413,749.1649547535926
414,367.2399775860831
415,2948.8448340697214
416,4721.144735665992
417,571.1399666909128
418,1142.9999338472262
419,750.4199551064521
420,-112.98002211656421
421,4302.599757662974
422,2359.734866837971
423,2727.2998272348195
424,3640.199787986465
425,2757.0698458384722
426,937.9549443768337
427,126.63498677127063
428,753.6099553694949
429,160.94498850032687
430,776.7499557733536
431,4952.269723635167
432,530.1499649994075
433,4244.499735612422
434,1760.509900616482
435,382.54997784271836
436,4613.799731821753
437,1151.4199327435344
438,1952.1998723475263
439,3126.7348046796396
440,985.8249448938295
441,2756.1298282984644
442,1122.3949318705127
443,4648.499733325094
444,1127.9599322583526
445,3314.4648108463734
446,2089.854875933379
447,4610.974731423892
448,902.7399424826726
449,4670.26473363582
450,749.429954639636
451,4922.574724008329
452,4482.644744629972
453,3348.519811968319
454,2332.14984894637
455,4901.069723520428
456,2820.7748304437846
457,4700.9647346343845
458,2124.0948770074174
459,1042.934891043231
460,4939.209722915664
461,4331.589758458547
462,1952.5598886162043
463,1912.2948885792866
464,4688.70973447524
465,1386.5099048241973
466,1550.5799105409533
467,4699.439734923653
468,709.1299529029056
469,1755.7698995536193
470,737.0799542954192
471,-80.40001894813031
472,4082.6747659612447
473,2427.464832114987
474,4714.654734657146
475,2368.1098669664934
476,4704.959734942764
477,2757.2048454852775
478,1323.2649203473702
479,4683.45473391749
480,1963.5398889314383
481,4703.904734315351
482,4530.75974603463
483,4696.05973380059
484,4339.1597568886355
485,2984.034816757776
486,2635.784821337089
487,4516.129746325314
488,1827.574886101298
489,547.8699654825032
490,2134.7848595241085
491,371.3449771888554
492,968.3899441147223
493,4326.569756260142
494,3140.3698246534914
495,1170.8799331681803
496,2751.8498446512967
497,2761.4648450128734
498,2572.209856264293
499,4708.164735742845
500,4512.789745298214
501,1760.444899850525
502,641.6799503518268
503,2685.099825359881
504,964.0099442778155
505,2728.344826946035
506,2167.6648785360157
507,3726.8047897405922
508,3933.3447780339047
509,804.6099385209382
510,373.4799776934087
511,4686.904734368436
512,3738.0147893782705
513,2408.0148502215743
514,1378.7199226161465
515,4703.34973510541
516,3537.449802050367
517,1919.4698888659477
518,1960.8448887523264
519,1171.8849335480481
520,2166.3898769691586
521,3669.6397678582
522,1353.7749219536781
523,1719.4198615755886
524,2594.7248389134184
525,959.7949436511844
526,971.1499440241605
527,4230.799753122963
528,4970.649724110961
529,1776.3999003041536
530,1558.5049111247063
531,3918.329779082909
532,1519.0149119095877
533,2441.5948525248095
534,1574.64991134312
535,4705.394734766334
536,4300.369756201282
537,2092.644875298254
538,3833.6597758289427
539,3725.5097898235545
540,3765.9897899515927
541,2353.9848670735955
542,2493.6148535758257
543,2554.3898559883237
544,2113.1148760896176
545,1366.154921845533
546,3140.6648227302358
547,2957.9198345262557
548,1770.1799003854394
549,2034.3998728450388
550,3144.149785293266
551,1778.0548994820565
552,2144.3798770764843
553,4700.544734700583
554,2535.3298548720777
555,1172.5099332686514
556,4339.199758336879
557,4495.05974444095
558,3132.924823529087
559,1693.549897575751
560,1756.8298997860402
561,3530.769799900241
562,4323.414756851271
563,4537.179745905101
564,958.7349436338991
565,4965.544724591076
566,1149.0649324785918
567,1368.6949219703674
568,3958.9597789300606
569,405.1199623970315
570,2163.5198779869825
571,1306.1899196077138
572,2751.244844819419
573,1097.419933279045
574,4677.7947331462055
575,4086.834766482003
576,73.41498420573771
577,695.8499512663111
578,3091.609783030115
579,4619.979730893858
580,4646.414731431752
581,1062.8399286856875
582,442.0949051557109
583,4685.814733268693
584,1112.7449123607948
585,1627.2098935749382
586,3910.179778404534
587,2517.8748544221744
588,4698.15473451931
589,1520.8299100995064
590,1768.0799002479762
591,3105.4898029724136
592,4569.604728534818
593,2085.1148740136996
594,4619.649730714969
595,2317.4548658570275
596,4910.48972117994
597,4239.28975392133
598,4306.67975519225
599,3925.5997779257596
600,3450.9647791627795
601,1770.554879533127
602,1025.9599280459806
603,1952.2898899046704
604,2094.174875820987
605,1969.0898891808465
606,3090.6098204972222
607,3708.574789329432
608,1434.8048691609874
609,4533.534745684825
610,1769.1549008926377
611,2148.239878005348
612,3140.454823371023
613,1970.4098897734657
614,4131.354768317193
615,2925.9898333530873
616,3309.229810929857
617,3489.909799293615
618,1763.3899004589766
619,2717.029844625853
620,4675.974733279087
621,1953.0498892208561
622,3515.6348005617037
623,2701.1848429078236
624,4285.619756168686
625,3919.8697786983103
626,1459.3599080825225
627,2933.0198330432177
628,3511.034801104106
629,2551.844855822623
630,3492.2898003719747
631,1545.1349104056135
632,4067.204766223207
633,2746.0298448754475
634,2285.854864982888
635,3158.7148233475164
636,4563.679729115218
637,4286.269755891524
638,1900.0898879105225
639,1562.559911025688
640,1351.539921647869
641,3697.569789569825
642,1367.1899222284555
643,4246.464754898101
644,3332.5848123570904
645,782.0249554887414
646,4709.814734913409
647,3929.4247796637937
648,3726.859790323302
649,4088.929767589085
650,4322.189757474698
651,4744.9497346626595
652,4100.344767612405
653,4521.354746999219
654,531.5499649364501
655,739.0599540779367
656,755.2599545782432
657,1273.2299182526767
658,1572.1899112379178
659,2927.7048346241936
660,1335.649921846576
661,1039.9649290516973
662,3513.9597998736426
663,1671.4048967976123
664,4084.259767112322
665,3124.9998226668686
666,4330.059757761657
667,2709.819843135774
668,4077.6347665125504
669,2151.3598779141903
670,2136.4948758976534
671,3111.5298219490796
672,4301.15975657478
673,4295.584755900316
674,2381.564850616269
675,3629.144786419347
676,1404.234904943034
677,2941.1998162651435
678,2728.1848441809416
679,1176.209914847277
680,2311.7648654002696
681,3296.7048106370494
682,3877.494776428677
683,1821.6348845474422
684,4099.619767108001
685,2128.0598766673356
686,2333.1698657153174
687,3496.1548002222553
688,3212.2497881427407
689,582.9999485621229
690,3762.2397726653144
691,781.5249390117824
692,2747.889845696278
693,3480.969799555838
694,4617.8447313364595
695,1168.9199148444459
696,3243.2848094981164
697,3446.989797797054
698,3726.134789614938
699,2846.559830418788
700,1364.2149049984291
701,343.6649761972949
702,763.0799369122833
703,2663.9998428449035
704,4031.7347648572177
705,2555.2798376772553
706,1682.0248971451074
707,2017.754853646271
708,753.0649546459317
709,1356.4499217588454
710,566.0849661333486
711,3131.54982408043
712,2652.914841153659
713,3472.709799900651
714,998.0149273937568
715,738.0599539568648
716,89.48998523224145
717,4496.169746045023
718,4674.754733843729
719,3874.104776693508
720,543.719965162687
721,2995.5598187530413
722,1329.6449022646993
723,3275.474810099229
724,4664.209732922725
725,3890.174777663313
726,953.0749441487715
727,2857.089830826968
728,2082.309875323437
729,3111.0948217445984
730,2328.999865957536
731,2608.649839706719
732,4126.659767920151
733,3866.3247767053545
734,3862.3147771228105
735,1212.2049161018804
736,3524.3848002497107
737,4291.6197564331815
738,2334.4348656330258
739,4666.679733497091
740,1368.829921999015
741,1755.1548993587494
742,4018.5897641731426
743,3125.3498219754547
744,4270.994755216874
745,4506.909745396115
746,2764.8048450248316
747,1546.0349101861939
748,1572.3949110712856
749,2757.9848446324468
750,4090.369764163159
751,538.219964697957
752,2942.6998328147456
753,1172.214932977222
754,4332.734755709767
755,3542.169799988158
756,4259.229754423723
757,491.1799627915025
758,1527.6499094357714
759,4435.13974250108
760,4493.299726676196
761,2621.5448394315317
762,4942.894723305479
763,735.5949536962435
764,1893.2998858839273
765,3178.1598057486117
766,4641.794731666334
767,4995.974724899046
768,4409.069741463289
769,2128.884876396507
770,953.8299435600638
771,4382.9497403707355
772,1465.499907125719
773,4494.55472628586
774,1739.364897732623
775,3427.0147580588236
776,4507.994745800272
777,4467.714743322693
778,4185.5447515631095
779,1689.9898968273774
780,1910.8548867264763
781,2035.7348734196275
782,4037.719764416106
783,2168.099877868779
784,3542.569782393053
785,3070.4398196106777
786,2864.5198300462216
787,3758.744772069156
788,2857.9948307024315
789,972.8849441353232
790,4251.599753882736
791,2163.289860907942
792,4237.659753051586
793,3890.4847777821124
794,4677.074733621441
795,4589.814730612561
796,4199.049752056599
797,4894.774722443894
798,4878.184720818885
799,2186.1948602255434
800,4088.334765976295
801,3907.4147783014923
802,4907.079722469673
803,2639.149840099737
804,645.9849506225437
805,4453.599743312225
806,1318.7299202913418
807,1489.8049085121602
808,4691.82473435346
809,3994.299761623144
810,2977.9748164601624
811,4496.85974609293
812,4696.699734365568
813,1125.0899315867573
814,3059.9548213947564
815,3273.704808603041
816,2344.8898480795324
817,4616.289730495773
818,4275.779755413532
819,2848.4098299285397
820,4061.9097667047754
821,2986.8148159729317
822,3638.4697854267433
823,4306.034756015055
824,4075.574766500853
825,4520.979746404104
826,4700.709735098295
827,4966.729724395089
828,4705.0247352914885
829,4045.524764256552
830,4034.2897629886866
831,4958.909723701887
832,3212.009806614369
833,335.47995783761144
834,-140.26002177782357
835,98.78994814120233
836,4090.88976710476
837,4209.684752244502
838,40.664984236471355
839,1035.9599294578657
840,-191.60002371761948
841,744.4999375008047
842,1026.099909636192
843,2430.049832652323
844,2541.5948373181745
845,-262.20002673659474
846,3812.9547743285075
847,1206.5099182063714
848,610.024951252155
849,403.7449618531391
850,4542.0097281280905
851,1951.029869952239
852,-161.80002244655043
853,2562.499837903306
854,2188.2848424846306
855,2025.2098546000198
856,4099.019767282531
857,4299.124756556004
858,4363.589740129188
859,2696.9498244412243
860,3698.454788049683
861,1757.0298816626891
862,3850.88477643393
863,4106.439748968929
864,4659.629733022302
865,3619.03978600353
866,2883.71481263265
867,4429.094742901623
868,3490.2497992720455
869,2318.1798471547663
870,4494.92474441044
871,4665.009732468985
872,2765.439826849848
873,4079.569766375236
874,3183.7348056342453
875,3425.5847971774638
876,4709.954733168706
877,2428.6848511910066
878,3796.009773989208
879,4713.414733903483
880,4229.669752342626
881,2168.664859732613
882,4743.764734743163
883,125.48496903572232
884,649.9749313741922
885,4285.279755727388
886,2193.279860672541
887,3566.039783251472
888,2805.964828620665
889,4946.909723405726
890,1415.6098862420768
891,4986.314724748954
892,1651.4448773814365
893,1226.3948978306726
894,1729.3748800605536
895,4950.004723472521
896,1668.5598789537326
897,2434.5548512693495
898,3616.5097850421444
899,1764.7198825636879
900,1272.5849182158709
901,4476.319725802168
902,2458.2348524695262
903,1112.6549309873953
904,1019.4999301275238
905,4685.609734354541
906,4670.179733279161
907,4438.4897419204935
908,4729.174733605236
909,3906.4997776821256
910,1646.919895272702
911,4286.144755504094
912,4917.504722193815
913,669.0799326747656
914,4088.4847662737593
915,634.9999498464167
916,4305.219755746424
917,1626.2798968786374
918,1615.6348950108513
919,2042.3598734289408
920,2735.4848258020356
921,1593.4248757846653
922,1491.4948906907812
923,4357.2097394019365
924,-451.48001557495445
925,2738.699807087891
926,142.87495070975274
927,4893.5397223113105
928,3675.624769669026
929,-357.58001169282943
930,-226.65502537507564
931,2123.899859270081
932,3965.539762372151
933,2529.919837700203
934,3045.429819872603
935,1517.509891435504
936,2916.65981450025
937,-299.08000979945064
938,3258.4348087068647
939,1616.4798764875159
940,1980.0198718914762
941,2092.134857996367
942,851.2499214485288
943,2803.389829060994
944,528.6349476734176
945,1826.7898858264089
946,385.48496151994914
947,394.904961428605
948,2603.00984121114
949,833.3649417180568
950,848.87492249161
951,4.9499646788463
952,88.58496801089495
953,1013.2649102462456
954,1179.374916243367
955,290.07995746843517
956,1449.4349075574428
957,1618.3748766193166
958,777.4849385870621
959,4400.084741109982
960,1812.6998845124617
961,2208.524843321182
962,3668.434788645245
963,3162.3948062611744
964,1656.0698981862515
965,-22.805036646313965
966,1307.2999027241021
967,-31.850036756135523
968,275.5199566874653
969,3026.469819739461
970,2024.6748737990856
971,1516.4748921040446
972,1566.1848556753248
973,4213.129752103239
974,1671.9298785105348
975,1117.4499136190861
976,4832.349720115773
977,-147.07504225801677
978,2028.8948733732104
979,1418.3949053166434
980,1808.3798838211223
981,2646.6998410113156
982,1648.4848964614794
983,891.854922757484
984,1773.2948626475409
985,3523.0597819099203
986,2390.759850720875
987,1979.3348332485184
988,1533.25987337064
989,3058.814819768071
990,702.8149533225223
991,1168.9149146368727
992,1674.7548969388008
993,2723.384844377637
994,2805.049790323712
995,3247.249788703397
996,4027.2597440127283
997,3961.1047610146925
998,4228.844753420912
999,3327.6447541275993
1000,1180.484896815382
1001,2056.709855224937
1002,3911.354758610949
1003,4402.374740816653
1004,3703.004787813872
1005,1402.6549065103754
1006,2418.9998518638313
1007,3780.694772371091
1008,4453.199742215686
1009,2275.3948646690696
1010,2194.0948231713846
1011,4178.634749798104
1012,1438.9349063411355
1013,2779.6048085941
1014,1454.039888300933
1015,4868.68471962586
1016,3827.2697757696733
1017,2539.419817836955
1018,2345.154848670587
1019,2524.094836767763
1020,1422.9299061335623
1021,2553.37483720202
1022,1434.7449060576037
1023,2386.2598309535533
1024,4071.7697656154633
1025,1458.7248698621988
1026,704.9149346584454
1027,3246.554769887589
1028,3870.1597188021988
1029,2897.399775184691
1030,4125.4447485506535
1031,1640.3548973826692
1032,647.4299533367157
1033,1595.3298951676115
1034,2763.7248079515994
1035,4087.7147666672245
1036,2708.6748437350616
1037,2680.3948428966105
1038,3129.014784745872
1039,3444.6197788435966
1040,1914.3348878277466
1041,3271.579771116376
1042,3691.1397883882746
1043,3343.579792752862
1044,3719.8147888621315
1045,2328.1298658950254
1046,2068.0748747065663
1047,1637.2348773786798
1048,2138.8248779904097
1049,3152.2848048042506
1050,3392.454794698395
1051,2226.229862187989
1052,3463.8397606210783
1053,3905.754778158851
1054,3634.669767918065
1055,1331.0998457390815
1056,1460.5949090607464
1057,2858.2048116773367
1058,3638.424767434597
1059,2474.7448538001627
1060,2451.1348533201963
1061,4250.349754013121
1062,3305.24481154792
1063,3446.0347787626088
1064,725.0949546089396
1065,2371.6148494407535
1066,3820.674774779007
1067,3104.269821830094
1068,3590.714746319689
1069,1701.7198974080384
1070,4404.379742199555
1071,2396.0848501585424
1072,937.149925054051
1073,2548.414798617363
1074,3225.504807694815
1075,2282.6048642797396
1076,-26.330017736181617
1077,2885.7048128955066
1078,1900.874849674292
1079,1712.7798809427768
1080,2245.944845086895
1081,3213.139788273722
1082,1634.3348769750446
1083,546.0049481354654
1084,2350.0248489473015
1085,1870.4648670461029
1086,2423.4948508543894
1087,4239.644752761349
1088,532.3949283733964
1089,1414.7349052391946
1090,1961.4398706443608
1091,2621.9148217802867
1092,1328.209903292358
1093,3006.069799499586
1094,2228.2748439358547
1095,3476.794798108749
1096,621.3399307262152
1097,1356.0899044480175
1098,2185.239860517904
1099,3367.244794233702
1100,-180.61502372473478
1101,761.8349180268124
1102,3025.1348000727594
1103,2248.6998633928597
1104,4584.749728835188
1105,1250.7748997723684
1106,4913.649722024798
1107,4011.494762809016
1108,1143.8149140691385
1109,3887.6197584196925
1110,1020.9199295919389
1111,2003.1048539206386
1112,3100.24480342865
1113,3154.389805134386
1114,-534.1000383850187
1115,-48.125039007514715
1116,306.5249365484342
1117,3619.989784648642
1118,4682.0697318241
1119,1881.8198677115142
1120,827.7749202596024
1121,3509.2397802378982
1122,2149.2748596044257
1123,1274.3649003412575
1124,-510.47501794155687
1125,-195.8950243173167
1126,-613.6000222126022
1127,-626.3000227566808
1128,3221.434788038023
1129,4896.149721553549
1130,-500.1400176594034
1131,1209.3498972812667
1132,2260.7698633745313
1133,4326.9147379165515
1134,-692.3000255841762
1135,911.6949247606099
1136,-622.3000225853175
1137,3064.3548015095294
1138,2378.159848768264
1139,675.8749347459525
1140,661.0449332306162
1141,902.0549244778231
1142,-454.90001541376114
1143,-228.77002559415996
1144,-327.5000099558383
1145,-121.85002217255533
1146,1527.059893139638
1147,-387.0000125048682
1148,2498.419855208136
1149,1122.089933924377
1150,-233.2150256279856
1151,-273.40000763814896
1152,-248.20000655855983
1153,-184.17500395793468
1154,-320.34500994719565
1155,-373.4000119222328
1156,-167.9000031184405
1157,3768.569772775285
1158,1172.3549167849123
1159,387.87994222622365
1160,-310.7300096768886
1161,9.59998490754515
1162,-234.70000598579645
1163,-284.4000081093982
1164,1076.399912581779
1165,-375.53505162894726
1166,-18.510036299936473
1167,214.29995448701084
1168,1523.269873025827
1169,-179.51502333395183
1170,219.3449347075075
1171,-576.1250207815319
1172,-239.45000648591667
1173,782.2149395411834
1174,162.09997185133398
1175,1212.174879167229
1176,1175.6898961504921
1177,1750.3048823764548
1178,2543.489837688394
1179,2860.9648117562756
1180,735.3799165701494
1181,357.36492019332945
1182,3090.9698027353734
1183,858.6049228515476
1184,501.14494711346924
1185,943.0049257772043
1186,-22.360036175698042
1187,1685.799878846854
1188,4138.959748944268
1189,3971.0497609255835
1190,-408.7000134345144
1191,1757.5598813733086
1192,-332.0000101486221
1193,55.67496715206653
1194,3454.4647971577942
1195,-599.6000216128305
1196,1025.5399094857275
1197,690.2949333069846
1198,-76.66503849625587
1199,-464.6000549858436
1200,4008.2297628857195
1201,-196.00000432226807
1202,2660.8398231603205
1203,2749.964827408083
1204,1014.5199277466163
1205,617.8449129285291
1206,412.9799628155306
1207,1715.2048604525626
1208,875.1649229191244
1209,111.43496853392571
1210,2495.6748361475766
1211,1025.4899297058582
1212,2466.6698344079778
1213,-197.00500691868365
1214,1509.1348908822984
1215,143.6899689817801
1216,158.4849709859118
1217,-85.91001988016069
1218,63.09998672828078
1219,1613.6048962036148
1220,1596.1948951873928
1221,345.2249784562737
1222,-598.9350413130596
1223,77.55998735222965
1224,1298.3149028997868
1225,404.42994274850935
1226,-510.50001881923527
1227,-149.71002343017608
1228,393.53996091056615
1229,2908.1748139737174
1230,812.7799397399649
1231,3995.834763294086
1232,2134.6198587277904
1233,-208.41502477042377
1234,-308.3000091332942
1235,2837.3498294325545
1236,1608.7448953511193
1237,-196.20000433083624
1238,263.4399543767795
1239,2651.839842956513
1240,2694.6598421139643
1241,-673.8000247916207
1242,1376.229904986918
1243,4271.494755623862
1244,-684.7100254166871
1245,735.0299170780927
1246,1404.7548858374357
1247,4681.0847343234345
1248,429.8999425005168
1249,2659.49480444286
1250,4669.459733363241
1251,50.09496481530368
1252,191.44995302148163
1253,1479.6698892973363
1254,3948.7897614501417
1255,3214.5048077357933
1256,1629.534895031713
1257,4913.434722382575
1258,1303.0598831996322
1259,2411.754850750789
1260,-706.9050263632089
1261,1847.1548658134416
1262,282.19493653811514
1263,1193.829897556454
1264,3403.469794646837
1265,3188.1898057861254
1266,288.8799761114642
1267,1465.0348696000874
1268,-147.0850418312475
1269,727.8449176028371
1270,2006.2098717410117
1271,1035.219909435138
1272,1916.5048868618906
1273,2554.379817956127
1274,2819.494830267504
1275,2269.584863195196
1276,2660.399823345244
1277,170.96491307206452
1278,1013.0148883135989
1279,-728.2600274439901
1280,-24.860019476152956
1281,-322.63001198042184
1282,551.4899294823408
1283,1436.5949072102085
1284,823.1948999287561
1285,2501.0498534450307
1286,965.8649254105985
1287,2869.8698300728574
1288,1176.8298972351477
1289,751.5449171895161
1290,1418.3049064604566
1291,388.6249418053776
1292,395.6049422742799
1293,1451.2848885841668
1294,1266.7598815793172
1295,-63.47005782276392
1296,1818.829865641892
1297,16.519963880069554
1298,163.12495188508183
1299,427.3149630827829
1300,1200.7249160986394
1301,626.8049524109811
1302,1591.8298939019442
1303,1200.5199158983305
1304,2034.0098746949807
1305,1814.2248835032806
1306,1704.1898805489764
1307,2827.759829670191
1308,1199.9749178206548
1309,1232.3048994131386
1310,1051.1299304487184
1311,-115.06000102125108
1312,3182.654805103317
1313,1862.5748857771978
1314,2258.3248640792444
1315,239.83497504331172
1316,772.6499376529828
1317,73.01992858760059
1318,-322.6000293241814
1319,941.1999269267544
1320,-118.41002072952688
1321,1367.814885204658
1322,360.17492129746825
1323,1525.7998726218939
1324,36.19498587306589
1325,908.4249233687297
1326,160.79495064914227
1327,-182.30000373534858
1328,1667.6798981316388
1329,1724.5448796553537
1330,270.9649559231475
1331,1057.2549305930734
1332,292.69497601129115
1333,-394.90001284331083
1334,-224.00000552181154
1335,-418.1000138372183
1336,-245.50000644288957
1337,3428.4547981563956
1338,1345.2299039149657
1339,480.9349265098572
1340,1779.8198839705437
1341,-190.40000408235937
1342,-121.49002182204276
1343,-212.20000501628965
1344,-254.90000684559345
1345,-67.50005769915879
1346,-193.9400631133467
1347,-481.8450363082811
1348,-399.10001302324235
1349,-367.70001167804
1350,-309.40000918041915
1351,-248.60000657569617
1352,1807.7798851625994
1353,-204.20000467356294
1354,-98.6000001495704
1355,-246.20000647287816
1356,-524.6000183997676
1357,-248.30000656284392
1358,-509.1000177357346
1359,-270.4550076620653
1360,-73.79999908711761
1361,-207.90000483207405
1362,-231.50000584311783
1363,-432.00001443270594
1364,-74.59999912139028
1365,176.87995247077197
1366,-256.9050070848316
1367,-60.995037836022675
1368,-169.32002290990204
1369,161.5599717022851
1370,-295.4000085806474
1371,111.35498790349811
1372,-343.91503037698567
1373,-62.99999862443656
1374,-62.79999861586839
1375,-408.9500331673771
1376,-228.89502561092377
1377,-950.900036662817
1378,-388.595012716949
1379,-101.90001986920834
1380,147.34497108031064
1381,-41.55501743312925
1382,64.1999480901286
1383,-192.7000041808933
1384,-655.100023990497
1385,-502.1000370141119
1386,-313.63000951334834
1387,-166.40000305417925
1388,-334.3200104003772
1389,-283.2000080579892
1390,-80.5000189524144
1391,-504.90001755580306
1392,159.59997175540775
1393,-312.0400097258389
1394,-176.37002336978912
1395,-100.04501994047314
1396,-11.305035741068423
1397,87.44496819749475
1398,1191.3949172832072
1399,-314.19004875887185
1400,652.2399336639792
1401,-406.87503309361637
1402,-245.90000648796558
1403,282.39995743799955
1404,494.16494607552886
1405,-331.30001014098525
1406,160.0249318946153
1407,-133.10500225704163
1408,-139.74006147310138
1409,1253.9599002534524
1410,-87.70001926086843
1411,-732.200047490187
1412,3097.05980381649
1413,-830.6000315090641
1414,853.8748828805983
1415,695.2648955080658
1416,-236.30002562701702
1417,2593.6948390603065
1418,2667.349822467193
1419,707.3349337596446
1420,420.1599228736013
1421,-128.80000144336373
1422,3825.7247758992016
1423,4854.519719641656
1424,3084.3298197379336
1425,4892.794720979407
1426,1791.449881900102
1427,4909.289721643552
1428,4367.939739124849
1429,4894.8997209277
1430,4374.669739102945
1431,4491.829724860378
1432,1603.1198934596032
1433,1602.4498563855886
1434,774.0149179026484
1435,1882.304867144674
1436,3910.9097591284662
1437,4516.779744362459
1438,3163.774805063382
1439,4587.719729088247
1440,3264.229808189906
1441,4895.074720992707
1442,1532.3349088858813
1443,4413.034739593975
1444,2526.664835653268
1445,3554.429782536812
1446,3793.54977290798
1447,1361.3349216412753
1448,4385.999741640873
1449,4619.149730280042
1450,618.4499509651214
1451,1695.114879376255
1452,1457.814906922169
1453,1957.7648710589856
1454,2341.069848046638
1455,1129.2999315652996
1456,4922.964722041972
1457,4634.614731381647
1458,2679.884823486209
1459,3719.469787885435
1460,4202.429732041433
1461,3192.00980591774
1462,1953.7848900146782
1463,3352.484811156057
1464,2652.189822021872
1465,4874.074720733799
1466,4446.384741490707
1467,1968.5298699904233
1468,4924.934722144157
1469,2580.5298385433853
1470,4467.149724111892
1471,4654.949731150642
1472,3088.2348198853433
1473,4461.569741920568
1474,4958.294722335413
1475,2507.6948536541313
1476,2202.4698424711823
1477,1598.4598942054436
1478,3181.9347862405702
1479,1989.249872569926
1480,1177.6448973510414
1481,4506.144744385034
1482,4946.4897231394425
1483,4230.9847517143935
1484,2257.5698635540903
1485,3508.8897973950952
1486,4257.769752842374
1487,4338.939755436964
1488,4426.609741766937
1489,3826.76977428142
1490,4924.804722119123
1491,2493.25985532254
1492,4055.37476410158
1493,4676.964732869528
1494,4962.87972378172
1495,2952.0048153474927
1496,4487.699743939564
1497,4300.814717291854
1498,1311.8649197900668
1499,1119.6299125654623
1500,4964.6847238065675
1501,453.1999444561079
1502,809.179919488728
1503,134.22493073251098
1504,2091.72487505991
1505,7.02494505699724
1506,3083.289820799604
1507,1559.374892511405
1508,1531.9648913741112
1509,3599.5247842399403
1510,666.9299322385341
1511,2664.009842270054
1512,2257.8448444725946
1513,2267.9248454850167
1514,3810.154774020426
1515,924.5649421866983
1516,4840.189719061367
1517,1925.8398873563856
1518,4509.344744422473
1519,2511.8098538648337
1520,4311.879755219445
1521,3806.5147729478776
1522,4452.304741695523
1523,4062.67976499442
1524,1926.7398695191368
1525,4370.334739188664
1526,4753.379733117297
1527,2912.1048316322267
1528,4196.624750571325
1529,4353.474737559445
1530,4558.234728263691
1531,4953.924723468721
1532,2750.9398256102577
1533,4929.72972257901
1534,4008.8547617532313
1535,696.4099551131949
1536,4952.394723432139
1537,3797.78477241192
1538,4959.144723538309
1539,2745.8948254780844
1540,4360.674738663249
1541,4744.669734087773
1542,4938.129723006859
1543,4200.089750642888
1544,4519.349745568819
1545,4573.104746129364
1546,4268.044754137285
1547,223.59497367870063
1548,4510.434742798097
1549,3108.2048206003383
1550,1868.059866269119
1551,3403.11479468178
1552,1893.624885842204
1553,3860.0597749324515
1554,2198.98986046575
1555,4344.914756200276
1556,4945.399723062292
1557,2600.434820002876
1558,4977.544724257663
1559,4963.934723758139
1560,4961.909722423181
1561,4504.154743434861
1562,2254.644844912924
1563,1720.104880547151
1564,4921.15472216811
1565,4908.264721735381
1566,4171.459731169045
1567,3510.5397990662605
1568,4446.909742004238
1569,2737.1298436615616
1570,1159.1749149989337
1571,4865.829720208421
1572,4539.419744955376
1573,360.96995906252414
1574,4704.634732507169
1575,4681.084732674994
1576,4841.854719092138
1577,4655.369732139632
1578,4741.80973391328
1579,3489.814798953943
1580,4937.4047227026895
1581,3112.489821073599
1582,4499.194744321518
1583,3689.0797872310504
1584,2868.5098301377147
1585,4463.599743444473
1586,4896.04472160805
1587,1121.8249311558902
1588,3107.8248205175623
1589,4154.594749452546
1590,4086.0547668030486
1591,4942.00972300861
1592,1842.8648843318224
1593,4926.674722645432
1594,4929.479722596705
1595,3810.954774286598
1596,4809.119718099944
1597,982.1749259000644
1598,4638.039729925804
1599,4388.804739365354
1600,4052.0697634229437
1601,3215.114807151258
1602,1516.5899090096354
1603,3060.7748187733814
1604,4393.784739412367
1605,4718.3647329527885
1606,1225.6049166377634
1607,4908.229721722193
1608,4447.314741441049
1609,4899.684722419828
1610,4752.554734339938
1611,3312.2098099375144
1612,3885.7847575880587
1613,357.6849582437426
1614,4702.649732356891
1615,2679.5398414982483
1616,4932.979722554795
1617,3512.6897987676784
1618,4416.699721645564
1619,4765.489734859206
1620,4453.699742347933
1621,4427.429741350003
1622,4898.329721373506
1623,4951.094723455608
1624,1344.584902625531
1625,4907.369722107425
1626,3932.4597778329626
1627,2160.579859235324
1628,2519.609854440205
1629,2907.6948316255584
1630,2604.1548391878605
1631,1760.4848812371492
1632,587.4399489602074
1633,2071.0748558044434
1634,1877.9948863629252
1635,896.2249413523823
1636,1020.569927544333
1637,4089.524765027687
1638,670.8549343217164
1639,4944.86972189229
1640,3561.6548007689416
1641,4760.7197347749025
1642,4717.899733244441
1643,4917.189722607844
1644,4936.984722952358
1645,4925.8447223370895
1646,4944.939723240212
1647,1686.8548782225698
1648,4953.544723542407
1649,4483.609743298963
1650,4961.859723740257
1651,4760.124734622426
1652,4943.27472312469
1653,4758.869734580629
1654,4763.734734792262
1655,4730.649733647704
1656,4911.914722152986
1657,4745.099734170362
1658,4934.959723001346
1659,3572.8847832242027
1660,2801.1398283513263
1661,4615.324729965068
1662,4037.744763534516
1663,4494.304743793793
1664,4939.024722785689
1665,4714.93973281607
1666,1522.754890711978
1667,4730.21473344136
1668,4960.489723668434
1669,4660.434731143527
1670,3647.259785491973
1671,3938.7197414906695
1672,4774.354735144414
1673,4935.494722824544
1674,4956.364723487757
1675,1988.3298716275021
1676,4734.11473424267
1677,4872.5347208194435
1678,4967.219723843969
1679,3913.5297771170735
1680,2157.1098590968177
1681,3345.50479309354
1682,4752.9847343713045
1683,3070.6498193945736
1684,3482.3497984567657
1685,4907.084721745923
1686,4899.48972125724
1687,4918.839722208679
1688,4920.509722135961
1689,2950.5998152904212
1690,4949.134723441675
1691,774.9349191840738
1692,4882.424720776267
1693,2500.1348535958678
1694,4604.244728769176
1695,4712.419732941315
1696,4107.629766378552
1697,4506.444745289162
1698,4755.969734452665
1699,4485.524744100869
1700,4275.07975456398
1701,4141.879748870619
1702,2151.1148589653894
1703,4735.98973367922
1704,4933.354722731747
1705,3843.19977451209
1706,4957.434723574668
1707,4685.179732290097
1708,4863.589720657095
1709,2739.309825201519
1710,1084.224892867729
1711,4958.939723910764
1712,4827.9647187348455
1713,3426.744796110317
1714,4934.384722862393
1715,1713.0098982537165
1716,4772.334735027514
1717,1713.6998801948503
1718,2595.594838480465
1719,4886.274721634574
1720,4940.274723041803
1721,4645.039731385186
1722,2343.9298477070406
1723,4706.514735010453
1724,3865.569775945507
1725,4470.434742584825
1726,2838.779829058796
1727,3831.709775481373
1728,2887.0548126073554
1729,3459.3397968523204
1730,420.7449430236593
1731,2501.2398351430893
1732,3886.3497770847753
1733,2688.6998426569626
1734,4479.274743266404
1735,3627.3197466833517
1736,4275.659735143185
1737,4185.019731189124
1738,1594.1448751054704
1739,2279.2098446479067
1740,4928.464722393081
1741,4060.4197627827525
1742,4549.874726994894
1743,4948.2747232439
1744,2000.2498716413975
1745,4916.80972257629
1746,2219.694862204604
1747,1778.5448817880824
1748,2694.654842160642
1749,4081.804764566943
1750,4925.114722204395
1751,996.2549263546243
1752,4929.389722879976
1753,2569.539837273769
1754,2956.109815343283
1755,4968.159723962657
1756,3083.0948201306164
1757,4031.5697627672926
1758,3178.704804801382
1759,2243.8848257204518
1760,2704.2848429577425
1761,3679.3197866007686
1762,4944.219723280519
1763,3866.829775320366
1764,4717.88473335281
1765,4920.194722124375
1766,2671.3498421711847
1767,4066.749764070846
1768,4974.3047241307795
1769,4942.42472336255
1770,2408.024850727059
1771,4126.244766720571
1772,4763.144734757952
1773,3009.3647985719144
1774,4748.634734456427
1775,3077.4398198733106
1776,4530.549746289849
1777,4928.489722615108
1778,4315.2747548809275
1779,4920.134722454473
1780,3099.909820433706
1781,4855.279720469378
1782,4954.529723320156
1783,4714.074734384194
1784,2905.4948314046487
1785,4832.659719577059
1786,4958.874723581597
1787,2839.0098285609856
1788,4938.874723288231
1789,2329.70486540813
1790,4123.7247665040195
1791,2856.1948304995894
1792,4948.50972323399
1793,1275.9149186667055
1794,4913.779722299427
1795,4714.384733503684
1796,4522.064744619653
1797,4708.53473314736
1798,4918.644722498022
1799,4925.019722439349
1800,4970.164724237286
1801,4931.494722684845
1802,4946.669723235071
1803,4563.84474584274
1804,2791.6648273803294
1805,1477.6899074660614
1806,3758.129771224223
1807,3721.094788180664
1808,3605.3947839671746
1809,4640.379731926136
1810,4976.844724311493
1811,4973.66472414881
1812,3063.9198190271854
1813,2899.1348324893042
1814,2968.5648165782914
1815,4943.259722912684
1816,4922.494720939547
1817,4945.524723143317
1818,4452.529742189683
1819,4903.054721710272
1820,4926.099722562358
1821,4915.994722043164
1822,1528.8599107861519
1823,4530.959726020694
1824,4961.244723685086
1825,4920.319722410291
1826,4501.289743398316
1827,2344.8698672680184
1828,3133.4348224457353
1829,4930.354722468182
1830,2708.809842761606
1831,4758.624734652229
1832,4599.574728469364
1833,4930.759722484276
1834,4853.5347198061645
1835,4318.139755194075
1836,4967.629723942839
1837,4928.739722331986
1838,4577.049728091806
1839,4110.38476575166
1840,4917.049722146243
1841,2159.034859810956
1842,4767.234734999947
1843,4754.664734511636
1844,1215.14491651766
1845,4913.034722146578
1846,1503.8249106165022
1847,4740.574733727612
1848,4964.779723836109
1849,4470.909742468968
1850,3319.4298099456355
1851,4345.274756198749
1852,4737.3447343995795
1853,4731.554733774625
1854,4972.894724136218
1855,4758.334734469652
1856,4934.9497226523235
1857,2085.509874776937
1858,4510.034745052457
1859,4909.149722001515
1860,4093.9147651186213
1861,4930.784721613862
1862,4699.589732402004
1863,4941.449722894467
1864,3882.3797755250707
1865,4974.139724144712
1866,2635.1698397286236
1867,2905.729831763543
1868,3745.6097902758047
1869,4948.599723273888
1870,4739.174734421074
1871,4956.984723471105
1872,3546.6247988594696
1873,4936.324723714963
1874,4966.754723814316
1875,4717.314732918516
1876,3477.8797978917137
1877,1502.1049095625058
1878,4146.524767143652
1879,3166.199822855182
1880,2747.399843997322
1881,4224.179751635529
1882,3747.269789197482
1883,3141.1848220741376
1884,4908.864721914753
1885,4758.929734450765
1886,2925.444832438603
1887,4940.424722786993
1888,4130.144766419195
1889,4966.694723875262
1890,4495.154743324034
1891,3875.0097757373005
1892,4948.109723134898
1893,4967.289723910391
1894,4151.279749091715
1895,3505.969798432663
1896,1636.2998587973416
1897,4955.299723368138
1898,2710.464824377559
1899,4978.544724334963
1900,4980.6497243233025
1901,2756.209844408557
1902,4465.829724029638
1903,4970.70472393278
1904,4766.219734809361
1905,4784.409735523164
1906,4959.574723736383
1907,4879.079720720649
1908,4305.024755531922
1909,4936.674722764641
1910,4753.459734371863
1911,4779.12973533012
1912,4953.459723319858
1913,4950.604723396711
1914,4954.859723456204
1915,4924.219722211361
1916,4965.23972387705
1917,4113.944766738452
1918,4765.32973512169
1919,4965.139723891392
1920,4683.019730915315
1921,4950.70472318586
1922,4959.364723531529
1923,4956.719723642804
1924,3491.7447982905433
1925,2498.379855618812
1926,3511.8797803577036
1927,4930.144722411409
1928,3967.7897790241987
1929,4944.239723001607
1930,4969.274723930284
1931,3110.519821515307
1932,4943.344722867943
1933,4975.329724368639
1934,3202.449787568301
1935,4767.984734967351
1936,4974.65472415369
1937,4623.379729847424
1938,4701.744733643718
1939,4960.89972370863
1940,4756.254734447226
1941,4932.289722750895
1942,4119.134766003117
1943,4939.109722780995
1944,4925.344722318463
1945,4646.509730714373
1946,4425.544741420075
1947,4944.059721832164
1948,4958.504723601975
1949,4761.969734564424
1950,4626.774730599485
1951,990.1099282195792
1952,4929.85972255934
1953,3787.704772514291
1954,4756.71973444242
1955,4414.43974077981
1956,4550.634745103307
1957,4952.744723377749
1958,3686.4947686083615
1959,4665.179731328972
1960,4726.089733933099
1961,4716.519733456895
1962,4723.659733173437
1963,4747.544734132476
1964,3662.4147862307727
1965,4316.909736631438
1966,4435.344741070643
1967,4930.864722502418
1968,4888.849720812403
1969,4749.524733358994
1970,4931.38972315006
1971,3536.2597999582067
1972,4940.724722851068
1973,4937.399722792208
1974,4918.214722106233
1975,4730.379733524285
1976,4934.2497226325795
1977,522.9799669198692
1978,4520.394744344987
1979,4406.58973897621
1980,4754.6497344803065
1981,4692.549732681364
1982,3947.374776958488
1983,2906.009831487201
1984,4939.229722778313
1985,1760.9349004505202
1986,4921.9297221126035
1987,4960.369723629206
1988,3113.6548207998276
1989,3351.7948104059324
1990,4944.944723083638
1991,4968.794723894447
1992,2331.16486570891
1993,4944.43972295057
1994,4940.729722874239
1995,2484.5348530998453
1996,4941.319722894579
1997,1974.559871361591
1998,4734.394733671099
1999,3055.184800935909
2000,4960.104722408578
2001,4733.869733646512
2002,4455.714724027552
2003,4889.9597210800275
2004,4754.869734366424
2005,4730.284733411856
2006,3301.404809815809
2007,4091.954765100032
2008,3104.334820517339
2009,2865.829830761999
2010,4947.2597231073305
2011,4749.1797342011705
2012,3018.409817919135
2013,3897.9397584628314
2014,4750.644734351896
2015,1037.5449292762205
2016,1761.3548819748685
2017,3664.654767642729
2018,1659.7698972336948
2019,3053.45981879998
2020,2521.9998550266027
2021,4940.54972283449
2022,1458.454869022593
2023,2266.2848637979478
2024,1201.6199169280007
2025,4914.43472292088
2026,4921.26472227741
2027,4081.3397656455636
2028,4937.454722641036
2029,4467.24974032864
2030,4231.9247528184205
2031,4099.089765315875
2032,4563.5497274836525
2033,3664.124786690809
2034,4938.754722614773
2035,4903.19472128246
2036,2516.31485414505
2037,4840.669719425961
2038,4966.894723797217
2039,4958.779723494314
2040,4944.334722945467
2041,3558.4748006556183
2042,4935.9347225390375
2043,3742.224787833169
2044,4943.144722927362
2045,928.5449434397742
2046,3140.2098207939416
2047,4926.139722204767
2048,1108.129931608215
2049,3057.3198190853
2050,2721.9748433250934
2051,4884.109720740467
2052,4925.919722486287
2053,1554.3099104929715
2054,4686.6897323084995
2055,4930.419722813182
2056,776.2999191684648
2057,3307.4198100287467
2058,4873.7697203196585
2059,4735.329734723084
2060,3140.484822217375
2061,4307.549754704349
2062,3116.6148212961853
2063,4796.909717769362
2064,4298.219754752703
2065,4912.589721688069
2066,4954.549723387696
2067,2152.9598776297644
2068,4900.579721315764
2069,1154.6899344548583
2070,4421.699721891433
2071,4955.849723617546
2072,4297.409755383618
2073,4136.0847682878375
2074,4881.199720609002
2075,4921.269722133875
2076,3948.58477882389
2077,3469.524779553525
2078,4752.199734275229
2079,4719.989733012393
2080,2017.8848740961403
2081,4531.829745383933
2082,-57.4849988501519
2083,1698.0298995636404
2084,4726.3847352014855
2085,3523.004800011404
2086,1856.6498864553869
2087,1182.539914839901
2088,4083.0447662845254
2089,4309.839755526744
2090,4974.26972434856
2091,4491.804744837806
2092,4898.354722074233
2093,4761.884736021049
2094,2944.539833219722
2095,4770.09973549284
2096,4533.484746602364
2097,2134.5248779337853
2098,3750.129790703766
2099,2583.60983806476
2100,3862.6047762958333
2101,4922.224724625237
2102,1697.4148973282427
2103,2163.3698788024485
2104,4257.049754335545
2105,4353.194719689898
2106,3256.8798077190295
2107,3896.914778077975
2108,4342.414737853222
2109,4543.954726873897
2110,3537.7647814247757
2111,4223.709733782336
2112,34.82996564172208
2113,3866.789776594378
2114,2118.6798574561253
2115,4472.169743738137
2116,3819.049774401821
2117,4396.6597404377535
2118,4718.509733933955
2119,3638.689785485156
2120,3891.0547765446827
2121,4916.249722441658
2122,3260.4948089066893
2123,4966.654724122956
2124,4886.959720945917
2125,4070.019765022211
2126,3499.374798975885
2127,4466.409743297845
2128,4435.4197229659185
2129,4105.969766321592
2130,3606.2497849343345
2131,4740.159716403112
2132,4154.344749812968
2133,4628.624730956741
2134,4880.954721021466
2135,3256.9348078891635
2136,4674.354733526707
2137,2537.4198377421126
2138,2950.1048346888274
2139,4153.499750823714
2140,3083.5198201080784
2141,4124.364767410792
2142,4765.474735189229
2143,4316.984755029902
2144,4286.194717652164
2145,2153.869878511876
2146,2778.0148456925526
2147,4422.259742290713
2148,4394.574721749872
2149,4704.404714822769
2150,4528.604744814336
2151,4101.674767088145
2152,2302.339865920134
2153,4300.434756568633
2154,4966.574724658392
2155,4305.854756273329
2156,1641.7748965080827
2157,3261.5097912503406
2158,4975.624724286608
2159,4720.834733063355
2160,4590.939730510116
2161,2787.1498285820708
2162,4951.574725167826
2163,2598.66984102875
2164,1974.8998530935496
2165,4212.969752742909
2166,4976.229724755511
2167,4975.149724375457
2168,4425.439741346985
2169,4583.48974676244
2170,3726.749788507819
2171,4549.699746636674
2172,483.8999660704285
2173,4975.894724354148
2174,2170.3298601265997
2175,4977.129724388942
2176,3346.989811415784
2177,4296.63471726235
2178,4985.634724704549
2179,4571.159746169113
2180,4954.844724404626
2181,3498.484798579477
2182,4540.09974686522
2183,4744.424735635519
2184,3639.009767859243
2185,3528.984798793681
2186,1671.5198964048177
2187,2571.5298560885713
2188,4883.009720847942
2189,2089.8698388878256
2190,3918.284777831286
2191,4886.494720702991
2192,4706.164732771926
2193,2966.8048342354596
2194,4782.189735524356
2195,4967.6097247600555
2196,4614.039730341174
2197,4620.619730992243
2198,4559.739745728672
2199,4903.48972127866
2200,4845.879719301127
2201,4973.989724314772
2202,4909.139721782878
2203,4982.504724624567
2204,4935.039722587913
2205,4961.979722579941
2206,4790.009735813364
2207,4884.0847206451
2208,4761.209735146724
2209,4958.359723797999
2210,4856.659719510935
2211,4754.409715997055
2212,-62.49999860301614
2213,4557.964746259153
2214,2854.519831554964
2215,4982.299724641256
2216,3552.474800750613
2217,4897.2947210865095
2218,4980.469724653289
2219,4927.719722326845
2220,4760.43973558303
2221,4881.159720609896
2222,4980.404724462889
2223,4989.334724818356
2224,4878.704720351845
2225,3162.394822889939
2226,4986.309724618681
2227,4947.854724485427
2228,4983.514724590816
2229,4526.294726253487
2230,4704.809732322581
2231,3368.0898122070357
2232,4802.099717793055
2233,4677.7897318303585
2234,4899.8197214202955
2235,4440.949723281898
2236,4483.579743605107
2237,4710.229732532054
2238,145.12499009724706
2239,4889.784720843658
2240,4447.344741704874
2241,4778.004735382274
2242,3165.8648232398555
2243,4560.4647270208225
2244,4400.999740798026
2245,4764.199735045433
2246,4333.959756676108
2247,4890.204721106216
2248,4603.709728830494
2249,4918.059721812606
2250,4898.119721177034
2251,2965.584833937697
2252,4670.77473201789
2253,4890.744720003568
2254,4461.659742178395
2255,2514.0498541481793
2256,4521.129744248465
2257,4400.654740229249
2258,4360.3797568734735
2259,4920.934721948579
2260,4864.739720188081
2261,4892.649721067399
2262,4974.974724242464
2263,1206.5598790524527
2264,-87.4999996740371
2265,2215.659862205386
2266,4712.149733027443
2267,4306.579736376181
2268,2756.01484472584
2269,4910.339721944183
2270,2221.99486222025
2271,4684.36973151844
2272,4954.319723268971
2273,4155.949767651968
2274,4489.284725595266
2275,4354.759756673127
2276,4926.784722185694
2277,4946.439722941257
2278,3161.149822664447
2279,4927.739722231403
2280,4928.899722389877
2281,4938.099722689018
2282,4935.074723354541
2283,4969.899724088609
2284,4946.87472295668
2285,2164.684876625426
2286,3315.659810270183
2287,4891.639721760526
2288,4885.384720872156
2289,4728.329733828083
2290,1086.534931317903
2291,4896.844721375033
2292,1307.309919718653
2293,4966.359723902307
2294,4925.599722161889
2295,2770.954845079221
2296,2203.4048431571573
2297,2159.1748776407912
2298,4688.039732868783
2299,2375.399867221713
2300,4855.264720202424
2301,4750.474734384567
2302,4955.564723340794
2303,4689.274732339196
2304,4672.694731869735
2305,2775.6848452351987
2306,4734.004734277725
2307,4694.669732476585
2308,4714.299733310938
2309,4935.744722770527
2310,4960.244723642245
2311,4332.169755637646
2312,4121.884767164476
2313,4952.28972333204
2314,1974.9248892646283
2315,4907.799721576273
2316,4961.149723561481
2317,3566.269800974056
2318,4411.384742095135
2319,4538.66474466864
2320,4757.094734522514
2321,3134.51482162904
2322,4530.109745865688
2323,1784.2848994154483
2324,4943.554722900502
2325,4958.344723550603
2326,2172.6698781671003
2327,4764.83473497536
2328,4130.089765458368
2329,4522.064726985991
2330,2969.5848340429366
2331,4843.364719864912
2332,4731.28973306343
2333,4982.464724600315
2334,4978.5097243199125
2335,4907.549721514806
2336,4974.264724359848
2337,4664.449732383713
2338,3773.5947903329507
2339,4738.779735386372
2340,4901.6497213235125
2341,4938.869722794741
2342,2184.184877430089
2343,2061.4148373464122
2344,4536.2847452303395
2345,915.9699055524543
2346,4542.354744886048
2347,4961.8647236330435
2348,4963.8547237301245
2349,1292.0049202833325
2350,4742.7297338349745
2351,-102.73500047810376
2352,2755.0648444658145
2353,4600.439730895683
2354,4762.049734665081
2355,4940.244721676223
2356,4940.154722806998
2357,3948.0447770170867
2358,4915.8347219200805
2359,4923.8447223892435
2360,4718.194733729586
2361,4969.944723887369
2362,4757.659734676592
2363,4758.454734461382
2364,4751.104733600281
2365,4948.4197231074795
2366,4765.579734697938
2367,3148.5798222897574
2368,4278.029735952616
2369,4948.269721923396
2370,4503.874725859612
2371,4949.559723241255
2372,4628.364730950445
2373,3554.1298005729914
2374,4983.289723251946
2375,4958.224723891355
2376,4885.169721619226
2377,4709.489734463394
2378,4949.714723465033
2379,4760.989734695293
2380,4954.919723646715
2381,4716.024733594619
2382,4938.7547229146585
2383,4945.129723166116
2384,4754.234734384343
2385,4829.4847196526825
2386,4912.37972178217
2387,4878.054720944725
2388,4925.079722387716
2389,4929.789722695015
2390,4976.434724319726
2391,4958.114723617211
2392,4946.754723074846
2393,2905.849831862375
2394,4685.674732514657
2395,4940.839723305777
2396,4692.614732210524
2397,4977.409724369645
2398,4950.309723241255
2399,4737.664734007791
2400,4731.3947335686535
2401,4899.484721577726
2402,1406.2449059849605
2403,4750.954734522849
2404,4705.974733204581
2405,4910.534721697681
2406,3159.6898227566853
2407,4499.144744488411
2408,1956.454888577573
2409,4920.7997234733775
2410,4741.584733854048
2411,4923.204722358845
2412,4920.074722132646
2413,4889.274720889516
2414,4923.629721025936
2415,4926.52472237777
2416,3160.214822905138
2417,4910.849722132087
2418,4922.39972239919
2419,2555.659855778329
2420,4923.904722255655
2421,4379.84975735005
2422,4731.004733703099
2423,2060.8498376840726
2424,4932.839722711593
2425,3743.4847889123484
2426,4943.79472303018
2427,4923.759722447954
2428,4761.334734795615
2429,4918.539722040296
2430,4947.469723074697
2431,4934.76472267881
2432,4935.544722725637
2433,4950.244724182412
2434,4964.309723805636
2435,4754.514735171571
2436,4779.254735362716
2437,4737.069733900949
2438,4757.954734771512
2439,4530.244745380245
2440,4939.809723655693
2441,4750.3897350188345
2442,1749.914899399504
2443,4356.674757070839
2444,1369.9849221380427
2445,4828.47471985314
2446,3370.324812423438
2447,3946.1197781935334
2448,4752.009734382853
2449,4197.469752308913
2450,4316.4397554518655
2451,-112.10000072792172
2452,2176.459878350608
2453,4453.634740933776
2454,1267.6949190283194
2455,4460.964724323712
2456,4971.67472405266
2457,485.06996414996684
2458,4965.874724110588
2459,869.5699411472306
2460,2531.659837386571
2461,4685.879733460955
2462,4902.899721979164
2463,4900.989721663296
2464,2351.824866396375
2465,4938.8147229570895
2466,3754.0597894955426
2467,4922.83472218737
2468,4952.039723291993
2469,3134.824821691029
2470,3316.8448100108653
2471,4556.4197461064905
2472,4507.819742676802
2473,2344.434866124764
2474,4140.519767070189
2475,1767.9198999721557
2476,2714.26984288916
2477,4277.8897535977885
2478,4944.144723505713
2479,4425.844741130248
2480,4717.304733452387
2481,4951.654723305255
2482,4740.48973396793
2483,4961.919723982923
2484,4752.5697344094515
2485,4939.454723205417
2486,4946.1697231652215
2487,4741.584734201431
2488,4745.789734478109
2489,4143.569766052999
2490,2364.984866797924
2491,4572.564746090211
2492,4899.089721753262
2493,4753.499734627083
2494,4918.514722307213
2495,4290.134754572995
2496,4966.109724183567
2497,3365.5598119394854
2498,4208.789751700126
2499,4941.999723032117
2500,4550.974745276384
2501,4555.169745412655
2502,4939.394722991623
2503,4904.299721549265
2504,4928.414722438902
2505,2767.9548451276496
2506,4965.029723836109
2507,4750.114733037539
2508,4870.149720587768
2509,4538.18974496983
2510,3356.2598116621375
2511,4713.499735034071
2512,4172.574768328108
2513,4754.509734538384
2514,4948.489723159
2515,4769.559735052288
2516,4922.699722087942
2517,4788.529735752381
2518,4932.199722648598
2519,4879.684720797464
2520,4977.984723053873
2521,4932.939722679555
2522,4746.554734090343
2523,4755.614734440111
2524,4548.849746684544
2525,4946.269723310135
2526,4776.394735334441
2527,4355.574757145718
2528,4975.244724202901
2529,4527.044744211249
2530,4749.25973413419
2531,4582.414746548049
2532,2553.929855301045
2533,4772.649735537358
2534,4781.049735455774
2535,4990.989724754356
2536,4490.21974297706
2537,3731.8797885505483
2538,1565.5749111855403
2539,4550.244747151621
2540,4556.27474579867
2541,4384.469757601619
2542,4579.824746431783
2543,4977.854723231867
2544,2177.094878308475
2545,4124.8997664498165
2546,4680.80973394122
2547,4986.609724583104
2548,4995.894724889658
2549,1378.5849223053083
2550,4989.97972467728
2551,3579.5598012953997
2552,2375.87486715056
2553,4380.804757272825
2554,4912.924721641466
2555,4780.289735302329
2556,4644.434731001966
2557,4786.4147355835885
2558,4990.72472482454
2559,4552.439727524295
2560,4773.724735110998
2561,4567.954745877534
2562,661.3299522642046
2563,4985.04972455278
2564,3751.974789099768
2565,1736.7298976117745
2566,1373.1199220577255
2567,2961.4548335326836
2568,2735.779843864031
2569,4775.859735125676
2570,4745.829734116793
2571,2131.694877056405
2572,1167.55493289046
2573,4138.464766691439
2574,1335.8949205810204
2575,1551.7849103305489
2576,4969.414724210277
2577,4777.25473518949
2578,4546.404745879583
2579,4768.789717397653
2580,4589.724746619351
2581,4768.649733731523
2582,4724.334733363241
2583,4784.299735500477
2584,4774.769735185429
2585,4305.614754481241
2586,4767.434734946117
2587,2374.3498671846464
2588,3703.649789309129
2589,4660.484732548706
2590,4109.164766123518
2591,4647.879731361754
2592,4775.664735157043
2593,4790.6747356830165
2594,4193.249750706367
2595,4725.1047336272895
2596,4779.964735336602
2597,4688.59473131597
2598,4354.3847383167595
2599,4990.25972479023
2600,4910.419721922837
2601,4552.724726465531
2602,4748.514734408818
2603,4359.4547556601465
2604,4576.504746305756
2605,4325.049755567685
2606,4780.769735482521
2607,2955.65483218804
2608,4902.044721369632
2609,4900.399721752852
2610,4900.379721435718
2611,4961.529723688029
2612,4957.259723480791
2613,4588.0047287726775
2614,4957.769724562764
2615,4347.899756168947
2616,4978.2647243076935
2617,4979.8047244772315
2618,1735.7549006510526
2619,4786.769734441303
2620,4752.9897343069315
2621,4985.169724571519
2622,4385.219757524319
2623,2571.3348560165614
2624,4920.509722049348
2625,2138.3948767110705
2626,4954.95972339157
2627,4581.164746526629
2628,4776.949735291302
2629,4956.019723485224
2630,4691.524732340127
2631,4342.3047560481355
2632,1572.6899110786617
2633,4989.219723558985
2634,4774.364735149778
2635,4190.344768699259
2636,4967.189722826704
2637,4990.164724706672
2638,4988.174724715762
2639,2572.754856005311
2640,4776.18973535113
2641,4142.549766902812
2642,1366.9999220306054
2643,4595.234746877104
2644,4787.15473561734
2645,1572.929911029525
2646,3751.5547893000767
2647,1955.3248860444874
2648,2713.9898431235924
2649,4989.874724697322
2650,4545.359745793976
2651,4981.459724361077
2652,4988.099724645726
2653,2174.629878290929
2654,4955.144723649137
2655,4966.594723829068
2656,1982.819889381528
2657,378.57997726555914
2658,4925.869722820818
2659,4361.339756666683
2660,4590.03974662628
2661,4779.324735591188
2662,4790.804735701531
2663,2981.834834471345
2664,380.2249773563817
2665,4571.564728966914
2666,4519.0247440245
2667,4590.809746697545
2668,4958.274723497219
2669,4787.769735659473
2670,1309.9099217653275
2671,4764.394734916277
2672,4586.32974656485
2673,4160.704767649993
2674,4983.529724540189
2675,4971.1897240886465
2676,4777.324735200033
2677,4970.91972405836
2678,4380.954757504165
2679,4480.364741842262
2680,4580.484746507369
2681,4784.574735519476
2682,4768.284734793939
2683,4986.1097245924175
2684,4962.769723912701
2685,4356.5497566415
2686,4919.044722440653
2687,4768.614734796807
2688,4987.509724625386
2689,4769.4747349675745
2690,4764.994734865613
2691,4887.529721278697
2692,4951.204723178409
2693,4778.459735590033
2694,4543.904745317064
2695,4955.684723581187
2696,3742.7547888308764
2697,4969.074723950587
2698,4981.229724356905
2699,4980.594724544324
2700,4966.149723614566
2701,4780.049735426903
2702,4972.414724122733
2703,4980.34472446423
2704,4785.68973558303
2705,4298.164754368365
2706,2972.87483401224
2707,4964.964723805897
2708,4967.544724080712
2709,4756.589734385721
2710,4777.549735246226
2711,4944.259723005816
2712,4430.30974199716
2713,976.7599441641942
2714,741.1749538471922
2715,4987.684723408893
2716,4771.704735063016
2717,4550.084745390341
2718,4975.194724364206
2719,4546.354745011777
2720,4985.364724587649
2721,4985.144724684767
2722,4508.3397456891835
2723,4577.794746317901
2724,4985.684724634513
2725,4760.304734574631
2726,4933.554722706787
2727,4781.004734235816
2728,4977.394724322483
2729,4947.959723150358
2730,4593.469746844843
2731,4790.524735712446
2732,4969.10472393129
2733,4962.139723728411
2734,4988.079724715091
2735,4985.77472456079
2736,4946.699723602273
2737,4970.639724566601
2738,4984.179724576883
2739,4787.7047357158735
2740,4565.944745854475
2741,4971.864724090323
2742,4884.609721475281
2743,4981.364724430256
2744,4734.414734426886
2745,4785.929735563695
2746,4739.2197361839935
2747,4977.929724334739
2748,4376.879757273942
2749,4592.529746782966
2750,4955.294723765925
2751,4755.224735082127
2752,4772.92973512318
2753,4993.3347248137
2754,4519.644745960832
2755,4991.524724939838
2756,4771.884735072963
2757,4994.704724909738
2758,4737.619734495878
2759,4949.884723111987
2760,4308.189754962921
2761,2763.8898445693776
2762,2088.204873902723
2763,4338.194756562822
2764,4767.659735107794
2765,2767.4648448023945
2766,2780.3648454053327
2767,4990.989724744111
2768,4579.324746421538
2769,4955.479723433964
2770,2980.3748343717307
2771,4923.4047233955935
2772,4764.759735048749
2773,2775.7798452395946
2774,4941.509723172523
2775,4699.164733108133
2776,4780.144735359587
2777,4695.259732478298
2778,4736.944734876975
2779,4778.429735309444
2780,4976.664724237286
2781,4748.56973448582
2782,3959.704778340645
2783,4952.289723209105
2784,2347.9398659896106
2785,4954.504723535851
2786,4991.484724780545
2787,4991.119724771939
2788,1581.759911293164
2789,4741.289734234102
2790,2966.9448336176574
2791,4984.289724526927
2792,1777.449898948893
2793,1769.0398998577148
2794,4756.924734604545
2795,2574.9798560859635
2796,4974.659724213183
2797,4786.964734407142
2798,4965.119723799638
2799,4970.169724513777
2800,3166.46982155554
2801,4781.084735378623
2802,4989.539724708535
2803,4663.109732575715
2804,4788.204735599458
2805,4967.254724244587
2806,4552.174745279364
2807,4728.969735098071
2808,4787.549735679291
2809,2173.4948779800907
2810,2934.624835039489
2811,4968.139723910019
2812,2575.1598560772836
2813,4681.799732137471
2814,4191.75475161057
2815,4730.339734237641
2816,4749.284734430723
2817,2376.8498671101406
2818,4982.09472446423
2819,2373.5098671475425
2820,3773.3447900293395
2821,3768.4047898380086
2822,2382.85986732319
2823,2167.204877943732
2824,4677.754733826034
2825,3770.07478991244
2826,1374.799922125414
2827,4210.994753096253
2828,4245.804733322933
2829,4481.899724951014
2830,3777.454790307209
2831,4570.104745977558
2832,4913.429722219706
2833,4969.474724013358
2834,4830.7397195883095
2835,4731.0797347109765
2836,4359.489757233299
2837,4733.2447346095
2838,3384.8898125914857
2839,4772.289735192433
2840,4339.004755034111
2841,4716.084734697826
2842,4779.709735411219
2843,4792.4347346564755
2844,4569.849746226333
2845,4627.204729735851
2846,4968.329723795876
2847,3971.5397791331634
2848,4545.0397448427975
2849,4622.364729281515
2850,3959.979778876528
2851,4514.609745640308
2852,4357.714757035486
2853,4241.814753637649
2854,4785.434735652059
2855,4889.264720928855
2856,4157.5897681629285
2857,2367.9198670182377
2858,3166.444822902791
2859,4982.539723358117
2860,4439.0997235663235
2861,3579.044784169644
2862,4589.409746692516
2863,4472.049742961302
2864,4320.949756775051
2865,4123.234767265618
2866,4791.729735788889
2867,4986.749724648893
2868,4991.049724822864
2869,4560.539747001603
2870,706.2199547737837
2871,4583.8597466042265
2872,3742.3197883935645
2873,4788.054735631682
2874,4573.904746333137
2875,2137.7598778121173
2876,4153.799768364057
2877,3523.879798772745
2878,3936.0397780789062
2879,4984.479724555276
2880,3561.004800595343
2881,4728.629735833965
2882,4151.009768499993
2883,4765.4547360362485
2884,4895.149722984061
2885,3120.6448040129617
2886,1402.96990562696
2887,4444.219743236899
2888,3704.829770596698
2889,4442.024742268026
2890,4556.5947466902435
2891,4988.80472472962
2892,3959.769779447466
2893,3667.329787942581
2894,4920.449723366648
2895,3916.4747778680176
2896,3836.719774809666
2897,3768.394791185856
2898,4753.70973632019
2899,3480.229800146073
2900,4315.784756056964
2901,4335.329738251865
2902,4159.809768374078
2903,4299.37475615833
2904,4528.029743650928
2905,4523.259745181538
2906,4574.079745005816
2907,2576.934855534695
2908,4500.409744147211
2909,4295.994736510329
2910,4134.869768711738
2911,4115.924766871147
2912,4719.719733176753
2913,4216.189752923325
2914,4746.409734232351
2915,4216.464752228931
2916,3594.879765513353
2917,4357.72475679405
2918,3154.3348212437704
2919,757.5799532523379
2920,2359.6748664630577
2921,4527.279745024629
2922,2354.139867797494
2923,4978.239723183215
2924,4564.3797459714115
2925,3953.344779198058
2926,2538.6048552449793
2927,2971.219832852483
2928,4473.829743147828
2929,1941.1648880075663
2930,4353.094757971354
2931,4965.5597239769995
2932,3740.2797890231013
2933,2917.189832929522
2934,3468.1397987678647
2935,3750.34978943225
2936,4783.434735598043
2937,4540.949746769853
2938,4334.864756517112
2939,3889.1247772425413
2940,4140.034767853096
2941,4717.669733176008
2942,3916.4197400091216
2943,4362.429757364094
2944,3935.0547777600586
2945,4159.729767676443
2946,4356.359756785445
2947,2361.1548670092598
2948,2766.434844999574
2949,4691.089733804576
2950,4973.95972422231
2951,1755.5298998374492
2952,4071.4497656589374
2953,4980.2747244965285
2954,2321.569865213707
2955,3342.769810900092
2956,4300.469756207429
2957,4986.254724597558
2958,1159.1649339459836
2959,4701.0747336177155
2960,4085.759765593335
2961,4968.494723940268
2962,4989.394724646583
2963,4958.779723953456
2964,4302.324755348265
2965,4977.319724481553
2966,3666.739787050523
2967,3517.239799170755
2968,4491.574744173326
2969,4791.124735712074
2970,4512.114744119346
2971,3540.9897998627275
2972,4535.549745489843
2973,3493.1148002306
2974,3671.309768114239
2975,3941.614779175259
2976,4538.664746545255
2977,3780.859773378819
2978,3182.1248236112297
2979,4409.264740855433
2980,249.51997388061136
2981,1508.1499103391543
2982,3901.8397776074708
2983,2729.8798440285027
2984,4543.11974690482
2985,3066.7148202275857
2986,4544.524746065959
2987,2459.1798150697723
2988,4982.429724651389
2989,4455.634743560106
2990,1932.6948515120894
2991,1992.7048538466915
2992,4969.1197242587805
2993,3885.454738696106
2994,4373.244739847258
2995,4368.474757219665
2996,3254.4047900661826
2997,4002.389743439853
2998,3591.749766097404
2999,4461.164744001813
3000,3361.6297753592953
